Chengyu,Frequency,Chinese,Pinyin,English
TRUE,1,实事求是,shíshìqiúshì,Facts
TRUE,2,艰苦奋斗,jiānkǔ fèndòu,Hard work
TRUE,3,千方百计,qiānfāngbǎijì,Do everything possible
TRUE,4,全心全意,quánxīnquányì,whole-heartedly
TRUE,5,无论如何,wúlùn rúhé,anyway
TRUE,6,前所未有,qiánsuǒwèiyǒu,Ever
TRUE,7,坚定不移,jiāndìng bù yí,Unswerving
TRUE,8,引人注目,yǐn rén zhùmù,striking
TRUE,9,因地制宜,yīndìzhìyí,Local conditions
TRUE,10,自相矛盾,zì xiāng máodùn,Self-contradictory
TRUE,11,成千上万,chéng qiān shàng wàn,Thousands
TRUE,12,卓有成效,zhuóyǒuchéngxiào,fruitful
TRUE,13,当务之急,dāngwùzhījí,Urgent priority
TRUE,14,独立自主,dúlìzìzhǔ,Independent
TRUE,15,脱颖而出,tuōyǐng'érchū,stand out
TRUE,16,无可奈何,wúkěnàihé,Helpless
TRUE,17,莫名其妙,mòmíngqímiào,baffling
TRUE,18,自力更生,zìlìgēngshēng,Self-reliance
TRUE,19,一如既往,yīrújìwǎng,as always
TRUE,20,扑朔迷离,pūshuòmílí,confusing
TRUE,21,不可思议,bùkěsīyì,Inconceivable
TRUE,22,坚持不懈,jiānchí bùxiè,Unremitting
TRUE,23,供不应求,gōngbùyìngqiú,In short supply
TRUE,24,行之有效,xíng zhī yǒuxiào,Effective
TRUE,25,众所周知,zhòngsuǒzhōuzhī,As we all know
TRUE,26,全力以赴,quánlì yǐ fù,Go all out
TRUE,27,理所当然,lǐsuǒdāngrán,Of course
TRUE,28,四面八方,sìmiànbāfāng,in all directions
TRUE,29,兴致勃勃,xìngzhì bóbó,In high spirits
TRUE,30,一鸣惊人,yīmíngjīngrén,Blockbuster
TRUE,31,想方设法,xiǎngfāngshèfǎ,Trying to
TRUE,32,千家万户,qiānjiā wàn hù,Thousands of families
TRUE,33,举足轻重,jǔzúqīngzhòng,Important
TRUE,34,见义勇为,jiànyìyǒngwéi,Samaritan
TRUE,35,举世瞩目,jǔshì zhǔmù,Attract worldwide attention
TRUE,36,小心翼翼,xiǎoxīnyìyì,Carefully
TRUE,37,源远流长,yuányuǎnliúcháng,Has a long history
TRUE,38,弄虚作假,nòngxūzuòjiǎ,Fraud
TRUE,39,自言自语,zì yán zì yǔ,Soliloquize
TRUE,40,纸上谈兵,zhǐshàngtánbīng,On paper
TRUE,41,名副其实,míngfùqíshí,Veritable
TRUE,42,日新月异,rìxīnyuèyì,Each passing day
TRUE,43,得天独厚,détiāndúhòu,Blessed
TRUE,44,情不自禁,qíng bù zì jīn,Can not help
TRUE,45,不以为然,bùyǐwéirán,Take exception to
TRUE,46,络绎不绝,luòyì bù jué,An endless stream
TRUE,47,不约而同,bùyuē'értóng,Happen to coincide
TRUE,48,千千万万,qiān qiān wàn wàn,Tens of thousands
TRUE,49,齐心协力,qíxīn xiélì,Make concerted efforts
TRUE,50,卧薪尝胆,wòxīnchángdǎn,Revival
TRUE,51,大街小巷,dàjiē xiǎo xiàng,The streets
TRUE,52,不由自主,bùyóuzìzhǔ,involuntarily
TRUE,53,应运而生,yìngyùn ér shēng,Came into being
TRUE,54,形形色色,xíngxíngsèsè,all kinds
TRUE,55,名列前茅,mínglièqiánmáo,Top
TRUE,56,家喻户晓,jiāyùhùxiǎo,Household
TRUE,57,兴高采烈,xìnggāocǎiliè,Elated
TRUE,58,排忧解难,páiyōujiěnán,Solve problems
TRUE,59,自强不息,zìqiángbùxī,Self-improvement
TRUE,60,走马观花,zǒumǎ guān huā,Fly
TRUE,61,长治久安,chángzhìjiǔ'ān,Long-term stability
TRUE,62,安居乐业,ānjūlèyè,Live and work
TRUE,63,惊心动魄,jīngxīndòngpò,Soul-stirring
TRUE,64,脚踏实地,jiǎotàshídì,down to earth
TRUE,65,徇私舞弊,xúnsī wǔbì,Favoritism
TRUE,66,不知所措,bùzhī suǒ cuò,At a loss
TRUE,67,来之不易,lái zhī bùyì,Hard to come by
TRUE,68,发扬光大,fāyángguāngdà,Flourish
TRUE,69,顾全大局,gùquán dàjú,Overall situation
TRUE,70,八仙过海,bāxiānguòhǎi,Eight Immortals
TRUE,71,自然而然,zìrán'érrán,Automatically
TRUE,72,以身作则,yǐshēnzuòzé,Lead by example
TRUE,73,层出不穷,céngchūbùqióng,Emerge in endlessly
TRUE,74,轰轰烈烈,hōnghōnglièliè,vigorous
TRUE,75,息息相关,xīxīxiāngguān,Closely
TRUE,76,一丝不苟,yīsībùgǒu,Meticulous
TRUE,77,微不足道,wēibùzúdào,negligible
TRUE,78,刻不容缓,kèbùrónghuǎn,Pressing
TRUE,79,截然不同,jiérán bùtóng,Different
TRUE,80,愚公移山,yúgōngyíshān,Moving Mountains
TRUE,81,所作所为,suǒzuò suǒ wéi,Actions
TRUE,82,后顾之忧,hòugùzhīyōu,Worries
TRUE,83,德才兼备,dé cái jiānbèi,Both ability and integrity
TRUE,84,相辅相成,xiāngfǔxiāngchéng,Complementary
TRUE,85,讨价还价,tǎojiàhuánjià,bargain
TRUE,86,同心同德,tóngxīn tóng dé,Heart and one mind
TRUE,87,理直气壮,lǐ zhí qì zhuàng,Righteous
TRUE,88,身体力行,shēntǐlìxíng,Personally
TRUE,89,义不容辞,yìbùróngcí,Duty-bound
TRUE,90,画龙点睛,huàlóngdiǎnjīng,Finishing touch
TRUE,91,琳琅满目,línlángmǎnmù,Assortment
TRUE,92,耐人寻味,nàirénxúnwèi,Food for thought
TRUE,93,繁荣昌盛,fánróng chāngshèng,Prosperity
TRUE,94,难能可贵,nánnéngkěguì,Commendable
TRUE,95,一模一样,yīmúyīyàng,Exactly
TRUE,96,突飞猛进,tūfēiměngjìn,By leaps and bounds
TRUE,97,刮目相看,guāmùxiāngkàn,Admiration
TRUE,98,风风雨雨,fēng fēngyǔ yù,Ups and downs
TRUE,99,旗帜鲜明,qízhìxiānmíng,Clear-cut
TRUE,100,破釜沉舟,pòfǔchénzhōu,burn one's boats
TRUE,101,独一无二,dúyīwú'èr,unique
TRUE,102,兢兢业业,jīngjīngyèyè,Cautious and conscientious
TRUE,103,不折不扣,bù zhé bù kòu,To the letter
TRUE,104,五花八门,wǔhuābāmén,Multifarious
TRUE,105,求同存异,qiútóngcúnyì,Seek common ground
TRUE,106,无能为力,wúnéngwéilì,Powerless
TRUE,107,一无所知,yī wú suǒ zhī,Know nothing about
TRUE,108,一席之地,yīxízhīdì,A place
TRUE,109,轻而易举,qīng'éryìjǔ,easy
TRUE,110,亡羊补牢,wángyángbǔláo,Remedy the situation
TRUE,111,默默无闻,mòmòwúwén,Unknown
TRUE,112,迫不及待,pòbùjídài,Can not wait
TRUE,113,有声有色,yǒushēngyǒusè,impressive
TRUE,114,一心一意,yīxīnyīyì,Single-minded
TRUE,115,突如其来,tūrúqílái,Sudden
TRUE,116,异军突起,yìjūntúqǐ,Meteoric rise
TRUE,117,喜闻乐见,xǐwénlèjiàn,Loved
TRUE,118,任重道远,rènzhòngdàoyuǎn,Long way to go
TRUE,119,无家可归,wú jiā kě guī,Homeless
TRUE,120,入木三分,rùmùsānfēn,penetrating
TRUE,121,意味深长,yìwèi shēncháng,Meaningful
TRUE,122,继往开来,jìwǎngkāilái,The future
TRUE,123,耳目一新,ěrmùyīxīn,Refreshing
TRUE,124,循序渐进,xúnxùjiànjìn,Step by step
TRUE,125,挺身而出,tǐngshēn ér chū,Come forward
TRUE,126,滔滔不绝,tāotāo bù jué,In full flight
TRUE,127,天翻地覆,tiānfāndìfù,Turned upside down
TRUE,128,不言而喻,bù yán ér yù,it goes without saying
TRUE,129,再接再厉,zàijiēzàilì,make persistent efforts
TRUE,130,杞人忧天,qǐrényōutiān,Unfounded
TRUE,131,风云变幻,fēngyún biànhuàn,Changing
TRUE,132,淋漓尽致,línlíjìnzhì,Head
TRUE,133,忧心忡忡,yōuxīnchōngchōng,Worried
TRUE,134,直截了当,zhíjiéliǎodāng,straightforward
TRUE,135,眼花缭乱,yǎnhuāliáoluàn,Dazzled
TRUE,136,不屈不挠,bùqūbùnáo,indomitable
TRUE,137,语重心长,yǔzhòngxīncháng,Earnestness
TRUE,138,栩栩如生,xǔxǔrúshēng,Lifelike
TRUE,139,呕心沥血,ǒuxīnlìxuè,Take infinite pains
TRUE,140,毛遂自荐,máosuìzìjiàn,Volunteered
TRUE,141,方兴未艾,fāngxīngwèi'ài,In the ascendant
TRUE,142,聚精会神,jùjīnghuìshén,Attentively
TRUE,143,比比皆是,bǐ bì jiē shì,Can be found everywhere
TRUE,144,高瞻远瞩,gāo zhān yuǎn zhǔ,Show great foresight
TRUE,145,无动于衷,wúdòngyúzhōng,Indifferent
TRUE,146,迫在眉睫,pòzàiméijié,Imminent
TRUE,147,触目惊心,chùmùjīngxīn,shocking
TRUE,148,无济于事,wújìyúshì,To no avail
TRUE,149,应有尽有,yīngyǒujìnyǒu,Everything
TRUE,150,南辕北辙,nányuánběizhé,Poles apart
TRUE,151,有朝一日,yǒuzhāoyīrì,One day
TRUE,152,大有可为,dàyǒukěwéi,Promising
TRUE,153,史无前例,shǐwúqiánlì,unprecedented
TRUE,154,随心所欲,suíxīnsuǒyù,Inclinations
TRUE,155,丰功伟绩,fēnggōngwěijī,Great achievements
TRUE,156,不动声色,bù dòng shēngsè,Quietly
TRUE,157,取而代之,qǔ'érdàizhī,Replace
TRUE,158,根深蒂固,gēnshēndìgù,ingrained
TRUE,159,久而久之,jiǔ'érjiǔzhī,Over time
TRUE,160,四面楚歌,sìmiànchǔgē,Embattled
TRUE,161,急功近利,jígōngjìnlì,Instant success
TRUE,162,始终不渝,shǐzhōng bù yú,Unswervingly
TRUE,163,一目了然,yīmùliǎorán,At a glance
TRUE,164,量力而行,liànglì ér xíng,Do what
TRUE,165,浩浩荡荡,hào hàodàng dàng,Mighty
TRUE,166,雨后春笋,yǔhòuchūnsǔn,Springing
TRUE,167,一举一动,yījǔ yīdòng,Every move
TRUE,168,有目共睹,yǒumùgòngdǔ,All to see
TRUE,169,欣欣向荣,xīnxīnxiàngróng,Thriving
TRUE,170,三顾茅庐,sāngùmáolú,Highlighting
TRUE,171,五彩缤纷,wǔcǎibīnfēn,Colorful
TRUE,172,一本正经,yīběnzhèngjīng,In all seriousness
TRUE,173,恍然大悟,huǎngrándàwù,Understood why
TRUE,174,视而不见,shì'érbùjiàn,Blind
TRUE,175,有条不紊,yǒutiáobùwěn,Methodically
TRUE,176,别开生面,biékāishēngmiàn,Spectacular
TRUE,177,锲而不舍,qiè'érbùshě,Perseverance
TRUE,178,全神贯注,quánshénguànzhù,Preoccupied
TRUE,179,万无一失,wànwúyīshī,Perfectly safe
TRUE,180,按图索骥,àntúsuǒjì,What you want
TRUE,181,诸如此类,zhūrúcǐlèi,Like
TRUE,182,精益求精,jīngyìqiújīng,Excellence
TRUE,183,一帆风顺,yīfānfēngshùn,Smooth sailing
TRUE,184,审时度势,shěnshíduóshì,The situation
TRUE,185,谈何容易,tánhéróngyì,Easier said than done
TRUE,186,大势所趋,dàshìsuǒqū,Trend
TRUE,187,潜移默化,qián yí mò huà,Imperceptibly
TRUE,188,掉以轻心,diàoyǐqīngxīn,Lightly
TRUE,189,此起彼伏,cǐqǐbǐfú,One after another
TRUE,190,名落孙山,míngluòsūnshān,Mingluosunshan
TRUE,191,引人入胜,yǐnrénrùshèng,fascinating
TRUE,192,不堪设想,bùkānshèxiǎng,Be disastrous
TRUE,193,义无反顾,yìwúfǎngù,No turning back
TRUE,194,焕然一新,huànrányīxīn,New look
TRUE,195,一视同仁,yīshìtóngrén,Treated equally
TRUE,196,五颜六色,wǔyánliùsè,Colorful
TRUE,197,束手无策,shùshǒuwúcè,Helpless
TRUE,198,十字路口,shízìlù kǒu,crossroads
TRUE,199,与日倶增,yǔ rì jù zēng,Increasing with the Japanese Ju
TRUE,200,拔苗助长,bámiáozhùzhǎng,Destructive Enthusiasm
TRUE,201,博大精深,bódàjīngshēn,Profound
TRUE,202,喜气洋洋,xǐqìyángyáng,Jubilant
TRUE,203,不可或缺,bùkě huò quē,Indispensable
TRUE,204,顺理成章,shùnlǐchéngzhāng,Matter of course
TRUE,205,大刀阔斧,dàdāokuòfǔ,Bold and decisive
TRUE,206,不遗余力,bùyíyúlì,spare no effort
TRUE,207,字里行间,zìlǐhángjiān,Between the lines
TRUE,208,不解之缘,bù jiě zhī yuán,Bond
TRUE,209,一无所有,yīwúsuǒyǒu,Nothing
TRUE,210,守株待兔,shǒuzhūdàitù,Sit back and wait
TRUE,211,百花齐放,bǎihuāqífàng,Flourishing
TRUE,212,力不从心,lìbùcóngxīn,Powerless
TRUE,213,异口同声,yìkǒutóngshēng,in unison
TRUE,214,背道而驰,bèidào'érchí,Contrary to
TRUE,215,势在必行,shì zài bì xíng,Imperative
TRUE,216,当之无愧,dāngzhīwúkuì,Worthy of
TRUE,217,咄咄逼人,duōduōbīrén,Aggressive
TRUE,218,四通八达,sìtōngbādá,Extend in all directions
TRUE,219,可歌可泣,kěgēkěqì,Epic
TRUE,220,惊弓之鸟,jīnggōngzhīniǎo,Frightened
TRUE,221,真心实意,zhēnxīn shíyì,Wholeheartedly
TRUE,222,恰到好处,qiàdàohǎochù,Just right
TRUE,223,津津乐道,jīnjīn lè dào,Relish
TRUE,224,取长补短,qǔchángbǔduǎn,Learn from each other
TRUE,225,喜出望外,xǐchūwàngwài,Overjoyed
TRUE,226,本来面目,běnlái miànmù,true colors
TRUE,227,脍炙人口,kuàizhìrénkǒu,Popular
TRUE,228,自由自在,zìyóu zìzài,free
TRUE,229,气喘吁吁,qì chuǎnxūxū,Breathless
TRUE,230,画蛇添足,huàshétiānzú,Gild the lily
TRUE,231,座无虚席,zuòwúxūxí,Full house
TRUE,232,夜以继日,yèyǐjìrì,Day and night
TRUE,233,持之以恒,chízhīyǐhéng,Persevere
TRUE,234,针锋相对,zhēnfēngxiāngduì,Tit for tat
TRUE,235,相得益彰,xiāngdéyìzhāng,Complement each other
TRUE,236,念念不忘,niànniànbùwàng,Bear in mind constantly
TRUE,237,深思熟虑,shēnsīshúlǜ,Thoughtful
TRUE,238,独树一帜,dúshùyīzhì,Unique
TRUE,239,惊天动地,jīngtiāndòngdì,Earth-shattering
TRUE,240,东窗事发,dōngchuāngshìfā,Unmasked
TRUE,241,铺天盖地,pūtiāngàidì,Overwhelming
TRUE,242,大张旗鼓,dàzhāngqígǔ,Fanfare
TRUE,243,彬彬有礼,bīn bīn yǒulǐ,Urbane
TRUE,244,熙熙攘攘,xī xī rǎngrǎng,Bustling
TRUE,245,无影无踪,wú yǐng wú zōng,Without a trace
TRUE,246,至高无上,zhìgāowúshàng,Supreme
TRUE,247,司空见惯,sīkōngjiànguàn,Common sight
TRUE,248,接二连三,jiē'èrliánsān,One after another
TRUE,249,斩钉截铁,zhǎndīngjiétiě,Categorically
TRUE,250,滥竽充数,lànyúchōngshù,Cheating
TRUE,251,不择手段,bùzéshǒuduàn,play hard
TRUE,252,津津有味,jīnjīnyǒuwèi,With relish
TRUE,253,深入浅出,shēnrùqiǎnchū,In layman's language
TRUE,254,相提并论,xiāngtíbìnglùn,Par
TRUE,255,深恶痛绝,shēnwùtòngjué,Hated
TRUE,256,不可多得,bùkě duō dé,rare
TRUE,257,沸沸扬扬,fèifèiyángyáng,Uproar
TRUE,258,雪上加霜,xuěshàngjiāshuāng,Worse
TRUE,259,风尘仆仆,fēngchén pú pū,Shuttles
TRUE,260,朝三暮四,zhāosānmùsì,Chop and change
TRUE,261,心平气和,xīnpíngqìhé,Calm
TRUE,262,德高望重,dégāowàngzhòng,Respected
TRUE,263,燃眉之急,ránméizhījí,Urgent needs
TRUE,264,不厌其烦,bùyànqífán,Patiently
TRUE,265,别出心裁,biéchūxīncái,Try to be different
TRUE,266,不见经传,bùjiàn jīngzhuàn,unknown
TRUE,267,蔚然成风,wèiránchéngfēng,Common practice
TRUE,268,大惊小怪,dàjīngxiǎoguài,Fuss
TRUE,269,千辛万苦,qiān xīn wàn kǔ,Hardships
TRUE,270,东施效颦,dōngshīxiàopín,Mere copycat
TRUE,271,因势利导,yīnshìlìdǎo,Make the best
TRUE,272,千里迢迢,qiānlǐ tiáotiáo,All the way
TRUE,273,格格不入,gégébùrù,Incompatible with
TRUE,274,如火如荼,rúhuǒrútú,In full swing
TRUE,275,肃然起敬,sùrán qǐ jìng,Awe
TRUE,276,扬长避短,yángchángbìduǎn,Weaknesses
TRUE,277,蒸蒸日上,zhēngzhēngrìshàng,Booming
TRUE,278,胸有成竹,xiōngyǒuchéngzhú,With confidence
TRUE,279,肆无忌惮,sìwújìdàn,Reckless
TRUE,280,囫囵吞枣,húlúntūnzǎo,Gulping
TRUE,281,异乎寻常,yìhū xúncháng,unusual
TRUE,282,赏心悦目,shǎngxīnyuèmù,Pleasing
TRUE,283,古往今来,gǔwǎngjīnlái,Through the ages
TRUE,284,大有作为,dàyǒuzuòwéi,Accomplish much
TRUE,285,集思广益,jísīguǎngyì,Brainstorming
TRUE,286,一应倶全,yīyīng jù quán,A whole should Ju
TRUE,287,不得而知,bùdé ér zhī,unknown
TRUE,288,提心吊胆,tíxīndiàodǎn,Tenterhooks
TRUE,289,货真价实,huòzhēnjiàshí,Genuine
TRUE,290,鸡犬升天,jīquǎnshēngtiān,JiQuanShengTian
TRUE,291,奋不顾身,fènbùgùshēn,Selfless
TRUE,292,精打细算,jīngdǎxìsuàn,Reckoning
TRUE,293,目不转睛,mùbùzhuǎnjīng,Intently
TRUE,294,车水马龙,chēshuǐmǎlóng,Busy
TRUE,295,一望无际,yīwàngwújì,Endless
TRUE,296,一成不变,yīchéngbùbiàn,Immutable
TRUE,297,脱口而出,tuōkǒu'érchū,Blurted
TRUE,298,生气勃勃,shēngqì bóbó,Lively
TRUE,299,天经地义,tiānjīngdìyì,Unalterable
TRUE,300,狐假虎威,hújiǎhǔwēi,Hujiahuwei
TRUE,301,了如指掌,liǎorúzhǐzhǎng,Well aware
TRUE,302,别有用心,biéyǒuyòngxīn,Ulterior motives
TRUE,303,五光十色,wǔguāngshísè,Bright lights
TRUE,304,不合时宜,bùhéshíyí,Outdated
TRUE,305,富丽堂皇,fùlì tánghuáng,Grandeur
TRUE,306,马不停蹄,mǎbùtíngtí,nonstop
TRUE,307,开门见山,kāiménjiànshān,Straight to the point
TRUE,308,别具一格,biéjùyīgé,Having a unique style
TRUE,309,一针见血,yīzhēnjiànxiě,Sharply
TRUE,310,草木皆兵,cǎomùjiēbīng,Panic
TRUE,311,专心致志,zhuānxīnzhìzhì,Dedicated
TRUE,312,堂堂正正,tángtángzhèngzhèng,Upright
TRUE,313,泣不成声,qìbùchéngshēng,Broke down in tears
TRUE,314,无与伦比,wúyǔlúnbǐ,Unmatched
TRUE,315,素不相识,sù bù xiāngshí,Strangers
TRUE,316,堂而皇之,táng'érhuángzhī,Openly
TRUE,317,训练有素,xùnliàn yǒu sù,Trained
TRUE,318,刻骨铭心,kègǔmíngxīn,Unforgettable
TRUE,319,不屑一顾,bùxiè yī gù,Dismissive
TRUE,320,对牛弹琴,duìniútánqín,Howling at the moon
TRUE,321,助人为乐,zhùrén wéi lè,Helping others
TRUE,322,衣食住行,yīshízhùxíng,Basic necessities
TRUE,323,不胜枚举,bùshèng méi jǔ,The list goes on
TRUE,324,赞不绝口,zàn bù juékǒu,Praise
TRUE,325,大名鼎鼎,dàmíngdǐngdǐng,famous
TRUE,326,如数家珍,rúshǔjiāzhēn,Very familiar
TRUE,327,跃跃欲试,yuèyuèyùshì,Eager to
TRUE,328,古色古香,gǔsègǔxiāng,antique
TRUE,329,推波助澜,tuībōzhùlán,Fueled
TRUE,330,班门弄斧,bān mén nòng fǔ,Trespass
TRUE,331,光明磊落,guāngmínglěiluò,Honorable
TRUE,332,川流不息,chuānliúbùxī,Steady stream
TRUE,333,迎刃而解,yíngrèn'érjiě,Solved
TRUE,334,对症下药,duìzhèngxiàyào,Remedy
TRUE,335,热火朝天,rèhuǒcháotiān,In full swing
TRUE,336,不足为奇,bùzú wéi qí,Not surprising
TRUE,337,脱胎换骨,tuōtāihuàngǔ,Reborn
TRUE,338,扬眉吐气,yángméitǔqì,Elated
TRUE,339,荡然无存,dàngrán wú cún,Gone
TRUE,340,叶公好龙,yègōnghàolóng,Belie
TRUE,341,一脉相承,yīmàixiāngchéng,The same strain
TRUE,342,置之不理,zhìzhībùlǐ,Ignore
TRUE,343,身先士卒,shēnxiānshìzú,Take the lead
TRUE,344,精神抖擞,jīngshén dǒusǒu,Full of energy
TRUE,345,侃侃而谈,kǎnkǎn ér tán,Talking about
TRUE,346,诚心诚意,chéngxīn chéngyì,Earnestly and sincerely
TRUE,347,千军万马,qiān jūn wàn mǎ,The powerful army
TRUE,348,绞尽脑汁,jiǎo jǐn nǎozhī,Brains
TRUE,349,垂头丧气,chuítóusàngqì,dejected
TRUE,350,掩耳盗铃,yǎn'ěrdàolíng,Deceiving
TRUE,351,日复一日,rì fù yī rì,day to day
TRUE,352,奄奄一息,yǎnyānyīxī,Dying
TRUE,353,千载难逢,qiānzǎinánféng,Lifetime
TRUE,354,未雨绸缪,wèiyǔchóumóu,Take precautions
TRUE,355,居高临下,jūgāolínxià,Condescending
TRUE,356,心安理得,xīn'ānlǐdé,Peace of mind
TRUE,357,一意孤行,yīyìgūxíng,Insists
TRUE,358,三令五申,sānlìngwǔshēn,Injunctions
TRUE,359,依依不舍,yī yī bù shě,Reluctantly
TRUE,360,乐不思蜀,lèbùsīshǔ,Reluctant to leave
TRUE,361,叹为观止,tànwéiguānzhǐ,Breathtaking
TRUE,362,大有人在,dà yǒurén zài,A lot of people
TRUE,363,雪中送炭,xuězhōngsòngtàn,Timely help
TRUE,364,一筹莫展,yīchóumòzhǎn,Do nothing
TRUE,365,水泄不通,shuǐxièbùtōng,Packed
TRUE,366,相依为命,xiāngyīwéimìng,Dependence
TRUE,367,街头巷尾,jiētóuxiàngwěi,The streets
TRUE,368,无微不至,wúwēibùzhì,Meticulous
TRUE,369,不假思索,bùjiǎsīsuǒ,Unthinkingly
TRUE,370,江郎才尽,jiānglángcáijìn,Downhill
TRUE,371,不相上下,bù xiāng shàngxià,About the same
TRUE,372,居安思危,jū'ānsīwēi,Be prepared
TRUE,373,近在咫尺,jìn zài zhǐchǐ,In close proximity
TRUE,374,卷土重来,juǎntǔchónglái,Bounce back
TRUE,375,冰天雪地,bīngtiānxuědì,Ice and snow
TRUE,376,有的放矢,yǒudìfàngshǐ,Targeted
TRUE,377,一尘不染,yīchénbùrǎn,Spotless
TRUE,378,事半功倍,shìbàngōngbèi,More with less
TRUE,379,不同凡响,bùtóng fánxiǎng,Outstanding
TRUE,380,井底之蛙,jǐngdǐzhīwā,Frog
TRUE,381,大同小异,dàtóngxiǎoyì,Much the same
TRUE,382,谈笑风生,tánxiàofēngshēng,Laughing
TRUE,383,不亦乐乎,bù yì lè hū,Awfully
TRUE,384,承前启后,chéngqiánqǐhòu,Past and
TRUE,385,同甘共苦,tónggāngòngkǔ,share weal and woe
TRUE,386,明目张胆,míngmùzhāngdǎn,flagrant
TRUE,387,耳闻目睹,ěrwén mùdǔ,Seen and heard
TRUE,388,啼笑皆非,tíxiàojiēfēi,Ridiculous
TRUE,389,死灰复燃,sǐhuīfùrán,Resurgence
TRUE,390,塞翁失马,sàiwēngshīmǎ,Blessing in disguise
TRUE,391,口口声声,kǒukǒushēngshēng,Keeps
TRUE,392,水落石出,shuǐluòshíchū,Get to the bottom
TRUE,393,我行我素,wǒxíngwǒsù,Own way
TRUE,394,望而却步,wàng'érquèbù,Discouraged
TRUE,395,有血有肉,yǒuxuèyǒuròu,Vivid
TRUE,396,天涯海角,tiānyáhǎijiǎo,Ends of the Earth
TRUE,397,轻描淡写,qīngmiáodànxiě,Touch on lightly
TRUE,398,哭笑不得,kūxiàobùdé,Dumbfounding
TRUE,399,自告奋勇,zìgàofènyǒng,Volunteer
TRUE,400,指鹿为马,zhǐlùwéimǎ,Distorting the facts
TRUE,401,设身处地,shèshēnchǔde,put yourself in
TRUE,402,天方夜谭,tiānfāng yè tán,You're lying
TRUE,403,雅俗共赏,yǎsúgòngshǎng,Tastes
TRUE,404,无所适从,wúsuǒshìcóng,Loss
TRUE,405,不容置疑,bùróng zhìyí,No doubt
TRUE,406,流连忘返,liúliánwàngfǎn,Linger
TRUE,407,翻来覆去,fānláifùqù,Over and over again
TRUE,408,无中生有,wúzhōngshēngyǒu,Nothing
TRUE,409,庞然大物,pángrándàwù,giant
TRUE,410,黔驴技穷,qiánlǘjìqióng,Wits
TRUE,411,三三两两,sānsānliǎngliǎng,Just a few
TRUE,412,发号施令,fāhàoshīlìng,Issue orders
TRUE,413,心旷神怡,xīnkuàngshényí,Relaxed and happy
TRUE,414,雷厉风行,léilìfēngxíng,Resolutely
TRUE,415,朝夕相处,zhāoxìxiāngchǔ,From morning till evening
TRUE,416,踌躇满志,chóuchúmǎnzhì,smug
TRUE,417,金碧辉煌,jīn bì huīhuáng,Magnificent
TRUE,418,同舟共济,tóngzhōugòngjì,Help each other
TRUE,419,志同道合,zhìtóngdàohé,Like-minded
TRUE,420,唇亡齿寒,chúnwángchǐhán,Chunwangchihan
TRUE,421,柳暗花明,liǔ'ànhuāmíng,Vista
TRUE,422,袖手旁观,xiùshǒupángguān,Stand by
TRUE,423,豁然开朗,huòrán kāilǎng,suddenly see the light
TRUE,424,诗情画意,shīqínghuàyì,Poetic
TRUE,425,同日而语,tóngrì ér yǔ,Same breath
TRUE,426,曾几何时,céngjǐhéshí,once Upon a time
TRUE,427,高高在上,gāogāozàishàng,High above
TRUE,428,一往情深,yīwǎngqíngshēn,Fond
TRUE,429,痛心疾首,tòngxīnjíshǒu,Bitter
TRUE,430,鹬蚌相争，渔翁得利,"yù bàng xiāng zhēng, yúwēng dé lì","Two dogs fight, play off"
TRUE,431,无时无刻,wúshíwúkè,All the time
TRUE,432,欢天喜地,huāntiānxǐdì,Rapture
TRUE,433,殚精竭虑,dānjīngjiélǜ,Rack one's brains
TRUE,434,通情达理,tōngqíngdálǐ,Reasonable
TRUE,435,从天而降,cóngtiān'érjiàng,Heaven
TRUE,436,井井有条,jǐngjǐngyǒutiáo,In perfect order
TRUE,437,苦口婆心,kǔkǒupóxīn,Well-meaning
TRUE,438,人山人海,rénshānrénhǎi,Crowded
TRUE,439,运筹帷幄,yùnchóuwéiwò,Strategizing
TRUE,440,才高八斗,cái gāo bā dǒu,You are wise
TRUE,441,沾沾自喜,zhānzhānzìxǐ,Complacent
TRUE,442,皆大欢喜,jiēdàhuānxǐ,Happy
TRUE,443,大千世界,dàqiān shìjiè,Boundless
TRUE,444,举一反三,jǔyīfǎnsān,learn by analogy
TRUE,445,不了了之,bù liǎo liǎo zhī,Nothing
TRUE,446,得不偿失,débùchángshī,More harm than good
TRUE,447,偷工减料,tōugōngjiǎnliào,Jerry
TRUE,448,高屋建瓴,gāowūjiànlíng,A strategically advantageous position
TRUE,449,恋恋不舍,liànliànbùshě,Reluctantly
TRUE,450,围魏救赵,wéiwèijiùzhào,Weiweijiuzhao
TRUE,451,花团锦簇,huātuánjǐncù,Flowers
TRUE,452,悲欢离合,bēihuānlíhé,Joys and sorrows
TRUE,453,今非昔比,jīn fēi xī bǐ,Not what
TRUE,454,一事无成,yīshìwúchéng,Nothing
TRUE,455,不伦不类,bùlúnbùlèi,nondescript
TRUE,456,家常便饭,jiāchángbiànfàn,Commonplace
TRUE,457,平心而论,píngxīn'érlùn,In all fairness
TRUE,458,变本加厉,biànběnjiālì,Further intensified
TRUE,459,名正言顺,míngzhèngyánshùn,Perfectly justifiable
TRUE,460,望梅止渴,wàngméizhǐkě,Fancies
TRUE,461,意气风发,yìqìfēngfā,High-spirited
TRUE,462,双管齐下,shuāngguǎnqíxià,Two-pronged
TRUE,463,含辛茹苦,hánxīnrúkǔ,Parenting deserves appreciation
TRUE,464,立竿见影,lìgānjiànyǐng,Get instant results
TRUE,465,冲锋陷阵,chōngfēngxiànzhèn,Strikes
TRUE,466,水到渠成,shuǐdàoqúchéng,Matter of course
TRUE,467,危言耸听,wēiyánsǒngtīng,Alarmist
TRUE,468,何去何从,héqùhécóng,Go from here
TRUE,469,有求必应,yǒuqiúbìyìng,Responsive
TRUE,470,杯弓蛇影,bēigōngshéyǐng,extremely suspicious
TRUE,471,风平浪静,fēngpínglàngjìng,Calm
TRUE,472,逍遥法外,xiāoyáofǎwài,Impunity
TRUE,473,灯红酒绿,dēng hóngjiǔ lǜ,Debauchery
TRUE,474,顶天立地,dǐngtiānlìdì,Indomitable spirit
TRUE,475,有鉴于此,yǒu jiànyú cǐ,In view of this
TRUE,476,义愤填膺,yìfèntiányīng,Indignation
TRUE,477,不可告人,bùkě gào rén,hidden
TRUE,478,指手画脚,zhǐshǒuhuàjiǎo,Gesticulate
TRUE,479,简明扼要,jiǎnmíng èyào,Concisely
TRUE,480,螳螂捕蝉，黄雀在后,"tángláng bǔ chán, huáng què zài hòu","Mantis stalks the cicada, oriole in the post"
TRUE,481,一举两得,yījǔliǎngdé,Do both
TRUE,482,置之度外,zhìzhīdùwài,disregard
TRUE,483,永垂不朽,yǒngchuíbùxiǔ,Immortal
TRUE,484,美中不足,měizhōngbùzú,a fly in the ointment
TRUE,485,人声鼎沸,rén shēng dǐngfèi,Voices
TRUE,486,天真烂漫,tiānzhēn lànmàn,Naivety
TRUE,487,就事论事,jiùshìlùnshì,The sake of discussion
TRUE,488,大手大脚,dàshǒudàjiǎo,Wasteful
TRUE,489,漫山遍野,mànshānbiànyě,Mountains and plains
TRUE,490,刻舟求剑,kèzhōuqiújiàn,Disregard the changing circumstances
TRUE,491,生龙活虎,shēnglónghuóhǔ,Staying Alive
TRUE,492,不甘示弱,bùgān shìruò,Not to be outdone
TRUE,493,循循善诱,xúnxúnshànyòu,Motherhood
TRUE,494,万家灯火,wàn jiā dēnghuǒ,Lighted
TRUE,495,执迷不悟,zhímíbùwù,Unrepentant
TRUE,496,千疮百孔,qiān chuāng bǎi kǒng,Full of holes
TRUE,497,悬崖勒马,xuányálèmǎ,The precipice
TRUE,498,半斤八两,bànjīnbāliǎng,Private Eyes
TRUE,499,共襄盛举,gòng xiāng shèngjǔ,Gongxiangshengju
TRUE,500,五十步笑百步,wǔshí bù xiào bǎi bù,Kettle black
TRUE,,爱不释手,Àibùshìshǒu,Fondle admiringly
TRUE,,爱屋及乌,àiwūjíwū,To love someone means to love everything about them
TRUE,,按部就班,ànbùjiùbān,Step by step
TRUE,,百年树人,bǎinián shù rén,Talent comes from hard work
TRUE,,百折不挠,bǎizhébùnáo,indomitable
TRUE,,半途而废,bàntú'érfèi,give up halfway
TRUE,,包罗万象,bāoluówànxiàng,All-inclusive
TRUE,,闭门造车,bìménzàochē,Work behind closed doors
TRUE,,标新立异,biāoxīnlìyì,Maverick
TRUE,,宾至如归,bīnzhìrúguī,Home from home
TRUE,,不耻下问,bùchǐxiàwèn,Help in the field
TRUE,,不攻自破,bù gōng zì pò,Scotched
TRUE,,不可救药,bùkě jiù yào,hopeless
TRUE,,不劳而获,bùláo'érhuò,Reap without sowing
TRUE,,不务正业,bùwùzhèngyè,Worthless
TRUE,,不省人事,bù xǐng rénshì,Unconscious
TRUE,,不翼而飞,bù yì ér fēi,Spread like wildfire
TRUE,,不自量力,bù zì liànglì,Overconfident
TRUE,,长年累月,chángniánlěiyuè,Over many years
TRUE,,趁火打劫,chènhuǒdǎjié,Loot a burning house
TRUE,,重蹈覆辙,chóngdǎofùzhé,Repeat
TRUE,,愁眉不展,chóuméi bù zhǎn,With a worried frown
TRUE,,出类拔萃,chūlèibácuì,Outstanding
TRUE,,吹毛求疵,chuīmáoqiúcī,Carp
TRUE,,垂涎三尺,chuíxián sān chǐ,mouth watering
TRUE,,从容不迫,cóngróngbùpò,Calm
TRUE,,从善如流,cóngshànrúliú,Good advice
TRUE,,措手不及,cuòshǒubùjí,By surprise
TRUE,,打草惊蛇,dǎcǎojīngshé,Arouse his suspicions
TRUE,,大公无私,dàgōngwúsī,Just and fair
TRUE,,大言不惭,dàyánbùcán,Overreaching
TRUE,,当机立断,dāngjīlìduàn,make a prompt decision
TRUE,,道听途说,dàotīngtúshuō,hearsay
TRUE,,得寸进尺,décùnjìnchǐ,Insatiable
TRUE,,得过且过,déguòqiěguò,muddle along
TRUE,,得意忘形,déyìwàngxíng,Get carried away
TRUE,,耳濡目染,ěrrúmùrǎn,Monasteries
TRUE,,废寝忘食,fèiqǐnwàngshí,Sleepless nights
TRUE,,风驰电掣,fēngchídiànchè,Driving fast
TRUE,,奉公守法,fènggōngshǒufǎ,Law-abiding
TRUE,,凤毛麟角,fèngmáolínjiǎo,Rare
TRUE,,敷衍塞责,fūyǎn sèzé,Perfunctory
TRUE,,改过自新,gǎiguò zì xīn,Rehabilitation
TRUE,,高枕无忧,gāo zhěn wú yōu,sit back and relax
TRUE,,隔岸观火,gé'ànguānhuǒ,Standing on the sidelines
TRUE,,各有千秋,gèyǒuqiānqiū,Each has its advantages
TRUE,,功亏一篑,gōngkuīyīkuì,Fall short
TRUE,,勾心斗角,gōuxīndòujiǎo,Intrigue
TRUE,,苟且偷安,gǒuqiě tōu'ān,Perfunctory
TRUE,,孤陋寡闻,gūlòuguǎwén,Ignorant
TRUE,,孤掌难鸣,gūzhǎngnánmíng,Takes two to tango
TRUE,,孤注一掷,gūzhùyīzhì,put all one's eggs in one basket
TRUE,,沽名钓誉,gūmíngdiàoyù,Reclame
TRUE,,拐弯抹角,guǎiwānmòjiǎo,Roundabout
TRUE,,光明正大,guāngmíngzhèngdà,Fair and square
TRUE,,海底捞针,hǎidǐ lāo zhēn,Haidilaozhen
TRUE,,好高骛远,hàogāowùyuǎn,Ambitious
TRUE,,好逸恶劳,hàoyìwùláo,Indolent
TRUE,,和睦共处,hémù gòngchǔ,Together in harmony
TRUE,,胡思乱想,húsīluànxiǎng,have a bee in one's bonnet
TRUE,,胡作非为,húzuòfēiwéi,Misbehave
TRUE,,花言巧语,huāyánqiǎoyǔ,rhetoric
TRUE,,挥金如土,huījīnrútǔ,Big spenders
TRUE,,混水摸鱼,húnshuǐmōyú,Troubled Waters
TRUE,,鸡犬不宁,jīquǎnbùníng,Cat among the pigeons
TRUE,,假公济私,jiǎgōngjìsī,Practice jobbery
TRUE,,见利忘义,jiàn lì wàng yì,Unscrupulous
TRUE,,见异思迁,jiànyìsīqiān,Inconstant
TRUE,,捷足先登,jiézúxiāndēng,Gain an advantage
TRUE,,进退两难,jìntuìliǎngnán,dilemma
TRUE,,进退维谷,jìntuìwéigǔ,Dilemma
TRUE,,鞠躬尽瘁,jūgōngjìncuì,Jugongjincui
TRUE,,开源节流,kāiyuánjiéliú,Cut costs
TRUE,,慷慨解囊,kāngkǎi jiěnáng,Generosity
TRUE,,刻苦耐劳,kèkǔ nàiláo,Hard work
TRUE,,口是心非,kǒushìxīnfēi,Duplicity
TRUE,,老马识途,lǎo mǎshítú,Your experience allowed you to succeed
TRUE,,励精图治,lìjīngtúzhì,Good governance
TRUE,,临渴掘井,lín kě jué jǐng,Hasty
TRUE,,流离失所,liúlíshīsuǒ,Displaced
TRUE,,路不拾遗,lùbùshíyí,Lubushiyi
TRUE,,落花流水,luòhuāliúshuǐ,Trounced
TRUE,,满载而归,mǎnzài'érguī,Rewarding experience
TRUE,,慢条斯理,màntiáosīlǐ,Slowly
TRUE,,每况愈下,měikuàngyùxià,Bad to worse
TRUE,,每下愈况,měi xià yù kuàng,Bad to worse
TRUE,,面目全非,miànmù quán fēi,Beyond recognition
TRUE,,明哲保身,míngzhébǎoshēn,Play it safe
TRUE,,明知故犯,míngzhīgùfàn,Knowingly
TRUE,,墨守成规,mòshǒuchéngguī,Hidebound
TRUE,,目中无人,mùzhōngwúrén,Defiant
TRUE,,弄巧反拙,nòng qiǎo fǎn zhuō,Backfire
TRUE,,普天同庆,pǔtiāntóngqìng,Celebrate
TRUE,,千钧一发,qiānjūnyīfà,Close call
TRUE,,千篇一律,qiānpiānyīlǜ,Stereotyped
TRUE,,前车之鉴,qiánchēzhījiàn,Warning
TRUE,,强词夺理,qiǎngcíduólǐ,Chicanery
TRUE,,青出于蓝,qīngchūyúlán,Shine On
TRUE,,倾家荡产,qīngjiādàngchǎn,Bankrupt
TRUE,,情同手足,qíngtóngshǒuzú,Brothers
TRUE,,人浮于事,rénfúyúshì,Overstaffing
TRUE,,人云亦云,rényúnyìyún,Parrot
TRUE,,任劳任怨,rènláorènyuàn,hard working
TRUE,,荣华富贵,rónghuá fùguì,Great wealth
TRUE,,富贵荣华,fùguì rónghuá,luxurious
TRUE,,如释重负,rúshìzhòngfù,Relief
TRUE,,三思而行,sānsī ér xíng,Think twice
TRUE,,僧多粥少,sēngduōzhōushǎo,Demand exceeds supply
TRUE,,杀鸡取卵,shājīqǔluǎn,Banded
TRUE,,舍己为人,shějǐwéirén,altruism
TRUE,,事倍功半,shìbèigōngbàn,Less effective
TRUE,,视死如归,shìsǐrúguī,Unafraid of death
TRUE,,手不释卷,shǒubùshìjuàn,Shoubushijuan
TRUE,,守口如瓶,shǒukǒurúpíng,Tight-lipped
TRUE,,守望相助,shǒuwàngxiāngzhù,Neighborhood watch
TRUE,,熟能生巧,shúnéngshēngqiǎo,Practice makes perfect
TRUE,,顺手牵羊,shùnshǒuqiānyáng,Pilfering
TRUE,,似是而非,sìshì'érfēi,Specious
TRUE,,随遇而安,suíyù'ér'ān,Go with the flow
TRUE,,口若悬河,kǒuruòxuánhé,Eloquent
TRUE,,挑拨离间,tiǎobō líjiàn,Sow discord
TRUE,,铤而走险,dìng'érzǒuxiǎn,Take risks
TRUE,,同归于尽,tóngguīyújìn,perish together
TRUE,,同流合污,tóngliúhéwū,Complicit
TRUE,,投机取巧,tóujīqǔqiǎo,Opportunistic
TRUE,,徒劳无功,túláowúgōng,To no avail
TRUE,,推陈出新,tuīchénchūxīn,Innovation
TRUE,,望尘莫及,wàngchénmòjí,Catch up
TRUE,,忘恩负义,wàng'ēnfùyì,ungrateful
TRUE,,为非作歹,wéi fēi zuò dǎi,All kinds of evil
TRUE,,温故知新,wēngùzhīxīn,Refresher
TRUE,,无病呻吟,wúbìngshēnyín,Fuss
TRUE,,五体投地,wǔtǐtóudì,Five-body cast
TRUE,,息事宁人,xīshìníngrén,Leave it alone
TRUE,,相安无事,xiāng'ān wú shì,Live in peace
TRUE,,心灰意懒,xīnhuīyìlǎn,Despondency
TRUE,,信口开河,xìnkǒukāihé,Lip
TRUE,,信口雌黄,xìnkǒucíhuáng,Empty promises
TRUE,,削足适履,xuèzúshìlǚ,Literally
TRUE,,寻根究底,xúngēnjiūdǐ,Get to the bottom
TRUE,,鸦雀无声,yāquèwúshēng,Silence reigns
TRUE,,言行一致,yánxíng yīzhì,What they preach
TRUE,,养尊处优,yǎngzūnchǔyōu,Pampered
TRUE,,摇摇欲坠,yáoyáoyùzhuì,Crumbling
TRUE,,一败涂地,yībàitúde,Crushing defeat
TRUE,,一见如故,yījiànrúgù,Hit it off
TRUE,,一箭双雕,yījiànshuāngdiāo,Kill two birds with one stone
TRUE,,一蹶不振,yījuébùzhèn,Brought to its knees
TRUE,,一劳永逸,yīláoyǒngyì,Once and for all
TRUE,,一落千丈,yīluòqiānzhàng,Plummeted
TRUE,,一毛不拔,yīmáobùbá,Miserly
TRUE,,一暴十寒,yī pù shí hán,Yibaoshihan
TRUE,,一网打尽,yīwǎngdǎjìn,Clean Sweep
TRUE,,一知半解,yīzhībànjiě,Smattering
TRUE,,以卵击石,yǐluǎnjīshí,Yiluanjidan
TRUE,,以牙还牙,yǐyáháiyá,Tit for tat
TRUE,,易如反掌,yìrúfǎnzhǎng,Easy
TRUE,,异想天开,yìxiǎngtiānkāi,Whimsical
TRUE,,饮水思源,yǐnshuǐsīyuán,have gratitude
TRUE,,应接不暇,yìngjiēbùxiá,Overwhelmed
TRUE,,优柔寡断,yōuróuguǎduàn,indecisive
TRUE,,游手好闲,yóushǒuhàoxián,Idle
TRUE,,有勇无谋,yǒu yǒng wú móu,Foolhardy
TRUE,,与日俱增,yǔrìjùzēng,Increasing
TRUE,,真知灼见,zhēnzhīzhuójiàn,Insights
TRUE,,趾高气扬,zhǐgāoqìyáng,Arrogance
TRUE,,忠言逆耳,zhōngyánnì'ěr,Zhongyannier
TRUE,,装聋作哑,zhuāng lóng zuò yǎ,Dumb
TRUE,,自暴自弃,zìbàozìqì,Low self-esteem
TRUE,,自投罗网,zì tóu luówǎng,Right time
TRUE,,坐井观天,zuòjǐngguāntiān,Narrow view
TRUE,,坐享其成,zuòxiǎngqíchéng,Sit back and enjoy
FALSE,1,好马不吃回头草,hǎo mǎ bù chī huítóu cǎo,Good Never look back
FALSE,2,小菜一碟,xiǎocài yī dié,Piece of cake
FALSE,3,太阳从西边出来,tàiyáng cóng xībian chūlái,Sun from the west
FALSE,4,说曹操，曹操到,"shuō cáocāo, cáocāo dào",Said the devil to
FALSE,5,乌鸦嘴,wūyā zuǐ,Big mouth
FALSE,6,二百五,èrbǎiwǔ,Two hundred fifty
FALSE,7,吃一堑，长一智,"chī yī qiàn, zhǎng yī zhì",learn from mistakes
FALSE,8,睁着眼睛说瞎话,zhēng zhuó yǎnjīng shuō xiāhuà,The lie
FALSE,9,近朱者赤，近墨者黑,"jìn zhū zhě chì, jìn mò zhě hēi","She knows nothing, doubts nothing"
FALSE,10,物以稀为贵,wù yǐ xī wéi guì,Suddenly
FALSE,11,王婆卖瓜，自卖自夸,"wáng pó mài guā, zìmàizìkuā",self boasting
FALSE,12,站着说话不腰疼,zhànzhe shuōhuà bù yāoténg,Easier said than done
FALSE,13,天下没有不散的筵席,tiānxià méiyǒu bú sàn de yánxí,There is no never-ending feast
FALSE,14,天上掉馅饼,tiānshàngdiào xiàn bǐng,Beautiful day
FALSE,15,己所不欲，勿施于人,"jǐ suǒ bù yù, wù shī yú rén","Do unto others, do not impose on others"
FALSE,16,睁眼瞎,zhēng yǎn xiā,Illiterate
FALSE,17,跳进黄河洗不清,tiào jìn huánghé xǐ bù qīng,Jumped into the Yellow River Xibu Qing
FALSE,18,拍马屁,pāimǎpì,Bootlick
FALSE,19,情人眼里出西施,qíngrén yǎn lǐ chū xīshī,Beauty is in the eyes of beholder
FALSE,20,打酱油,dǎ jiàngyóu,Soy sauce
FALSE,21,不怕一万，就怕万一,"bùpà yī wàn, jiù pà wàn yī","Afraid of ten thousand, afraid of the event"
FALSE,22,走着瞧,zǒuzhe qiáo,Wait and see
FALSE,23,不管三七二十一,bùguǎn sānqī'èrshíyī,Just -
FALSE,24,吃着碗里的，看着锅里的,"chīzhe wǎn lǐ de, kànzhe guō lǐ de","Eating a bowl, watching the pot"
FALSE,25,钻牛角尖,zuānniújiǎojiān,Dead end
FALSE,26,人不可貌相，海水不可斗量,"rén bùkě màoxiàng, hǎishuǐ bùkě dǒu liàng",do not judge a book by it's cover
FALSE,27,林子大了，什么鸟都有,"línzi dàle, shénme niǎo dōu yǒu","Big woods, what birds are"
FALSE,28,鸡毛蒜皮,jīmáosuànpí,Trivia
FALSE,29,鲜花插在牛粪上,xiānhuā chā zài niú fèn shàng,Flowers inserted in cow dung
FALSE,30,醉翁之意不在酒,zuì wēng zhī yì bùzài jiǔ,Ulterior motives
FALSE,31,猴年马月,hóuniánmǎyuè,These years
FALSE,32,眼不见为净,yǎn bùjiàn wéi jìng,Sight of the net
FALSE,33,姜是老的辣,jiāng shì lǎo de là,Ginger is the old lady
FALSE,34,留得青山在，不怕没柴烧,"liú dé qīngshān zài, bùpà méi chái shāo","Where there is life, there is hope"
FALSE,35,拿得起，放得下,"ná dé qǐ, fàng dé xià","Get affordable, fit"
FALSE,36,以其人之道还治其人之身,yǐ qí rén zhī dào huán zhì qí rén zhī shēn,Eye for an eye person in his body
FALSE,37,走桃花运,zǒu táohuāyùn,Go peach blossom
FALSE,38,成事不足，败事有余,"chéngshì bùzú, bài shì yǒuyú",Incompetent bungler
FALSE,39,皇上不急太监急,huángshàng bù jí tàijiàn jí,The emperor is not urgent eunuch urgent
FALSE,40,三个臭皮匠，顶个诸葛亮,"sān gè chòu píjiàng, dǐng gè zhūgéliàng","Three Stooges, the top one Zhuge Liang"
FALSE,41,脚踩两只船,jiǎo cǎi liǎng zhī chuán,It both ways
FALSE,42,此地无银三百两,cǐdì wú yín sānbǎi liǎng,Admitting their guilt
FALSE,43,吃不到葡萄就说葡萄酸,chī bù dào pútáo jiù shuō pútáo suān,Not eat sour grapes
FALSE,44,心急吃不了热豆腐,xīnjí chī bùliǎo rè dòufu,More haste less speed
FALSE,46,癞蛤蟆想吃天鹅肉,làihámá xiǎng chī tiān'é ròu,Toad wants to eat
FALSE,47,天无绝人之路,tiān wú jué rén zhī lù,There is always a way out
FALSE,48,走后门,zǒuhòumén,Through the back door
FALSE,49,瞎猫碰上死耗子,xiā māo pèng shàng sǐ hàozi,Blind cat run into dead rat
FALSE,50,好汉不吃眼前亏,hǎohàn bù chī yǎnqiánkuī,Heroes do not eat immediate loss
FALSE,51,解铃还须系铃人,jiě líng hái xū xì líng rén,The trouble should end it
FALSE,52,肥水不流外人田,féishuǐ bù liú wàirén tián,Charity begins at Tian
FALSE,53,心有余而力不足,xīn yǒuyú ér lì bùzú,Beyond their grasp
FALSE,54,不分青红皂白,bù fēn qīnghóngzàobái,without understanding
FALSE,55,睁一只眼，闭一只眼,"zhēng yī zhī yǎn, bì yī zhī yǎn","An eye, close one eye"
FALSE,56,破罐子破摔,pò guànzi pò shuāi,破罐子破摔
FALSE,57,种瓜得瓜，种豆得豆,"zhǒng guā dé guā, zhǒng dòu dé dòu",you get what you sow
FALSE,58,萝卜白菜，各有所爱,"luóbo báicài, gè yǒu suǒ ài",one's man meat is another man's poison
FALSE,59,狗嘴里吐不出象牙,gǒu zuǐ lǐ tǔ bu chū xiàngyá,Dogs bark
FALSE,60,三天打鱼，两天晒网,"sān tiān dǎ yú, liǎng tiān shài wǎng","Three days fishing, two days of drying"
FALSE,61,一朝被蛇咬，十年怕井绳,"yī zhāo bèi shé yǎo, shí nián pà jǐng shéng","Once bitten, twice shy"
FALSE,62,英雄难过美人关,yīngxióng nánguò měirén guān,Hero becomes a prisoner
FALSE,63,刀子嘴，豆腐心,"dāozizuǐ, dòufu xīn","Sharp tongue, a soft heart"
FALSE,64,一失足成千古恨,yī shīzú chéng qiāngǔ hèn,Without fire
FALSE,65,哪壶不开提哪壶,nǎ hú bù kāi tí nǎ hú,Tender the tender spot
FALSE,66,炒鱿鱼,chǎoyóuyú,Fired
FALSE,67,人往高处走，水往低处流,"rén wǎng gāo chù zǒu, shuǐ wǎng dī chù liú","Water flows to lower place, man goes to higher position"
FALSE,68,说得比唱得好听,shuō dé bǐ chàng dé hǎotīng,He said than sing nicely
FALSE,69,强扭的瓜不甜,qiáng niǔ de guā bù tián,A horse is not sweet
FALSE,70,老掉牙,lǎodiàoyá,Old-fashioned
FALSE,71,搬起石头砸自己的脚,bān qǐ shítou zá zìjǐ de jiǎo,Shooting itself in the foot
FALSE,72,卖关子,màiguānzi,Guessing
FALSE,73,一分钱一分货,yī fēn qián yī fēn huò,you get what you pay for
FALSE,74,九牛二虎之力,jiǔ niú èr hǔ zhī lì,To great lengths
FALSE,75,敬酒不吃吃罚酒,jìngjiǔ bù chī chī fá jiǔ,Toast Monastic
FALSE,76,躲得过初一，躲不过十五,"duǒ déguò chū yī, duǒ bùguò shíwǔ","Avoid them the first day, become obvious to fifteen"
FALSE,77,吃香的，喝辣的,"chīxiāng de, hē là de","Popular to drink hot,"
FALSE,78,小儿科,xiǎo'érkē,Pediatrics
FALSE,79,一个巴掌拍不响,yīgè bāzhang pāi bù xiǎng,A tango
FALSE,80,牛头不对马嘴,niútóu bùduì mǎ zuǐ,Incongruous
FALSE,81,以小人之心，度君子之腹,"yǐ xiǎo rén zhī xīn, dù jūnzǐ zhī fù",Belly sinister heart of a gentleman
FALSE,82,车到山前必有路,chē dào shān qián bì yǒu lù,Car to Piedmont Road
FALSE,83,鸡蛋里挑骨头,jīdàn li tiāo gú tóu,Nitpick
FALSE,84,吃不了兜着走,chī bùliǎo dōuzhe zǒu,Steal sheep
FALSE,85,打肿脸充胖子,dǎ zhǒng liǎn chōng pàngzi,Hat and no cattle
FALSE,86,三十六计走为上,sānshíliù jì zǒu wéi shàng,Thirty-Six to go on
FALSE,87,当耳旁风,dàng ěrpángfēng,When heeded
FALSE,88,恨铁不成钢,hèn tiě bùchéng gāng,Turn iron into steel
FALSE,89,你走你的阳关道，我过我的独木桥,"nǐ zǒu nǐ de yángguāndào, wǒguò wǒ de dú mù qiáo",You go your way and I to my single-plank bridge
FALSE,90,过了这个村，就没这个店,"guò le zhège cūn, jiù méi zhège diàn","After this village, no this shop"
FALSE,91,抱佛脚,bàofójiǎo,Cramming
FALSE,92,有钱能使鬼推磨,yǒu qián néng shǐ guǐ tuī mó,Money talks
FALSE,93,有其父必有其子,yǒu qí fù bì yǒu qí zi,Like father like son
FALSE,94,不见棺材不落泪,bùjiàn guāncai bù luò lèi,Does it cry
FALSE,95,三长两短,sānchángliǎngduǎn,If something happens
FALSE,96,纸包不住火,zhǐ bāo bù zhù huǒ,Murder
FALSE,97,好戏在后头,hǎo xì zài hòutou,Good in the first
FALSE,98,吹牛皮,chuī niúpí,Boast
FALSE,99,欲速则不达,yù sù zé bù dá,Haste makes waste
FALSE,100,家家有本难念的经,jiā jiā yǒu běn nán niàn de jīng,Every family has its cupboard
FALSE,101,墙头草,qiángtóu cǎo,Fence
FALSE,102,替罪羊,tìzuìyáng,scapegoat
FALSE,103,近水楼台先得月,jìnshuǐlóutái xiān dé yuè,Tun
FALSE,104,小巫见大巫,xiǎowū jiàn dàwū,Pale into insignificance
FALSE,105,过河拆桥,guòhéchāiqiáo,Burning bridges
FALSE,106,一不做，二不休,"yībù zuò, èr bùxiū","In for a penny, in for a pound"
FALSE,107,以牙还牙，以眼还眼,"yǐyáháiyá, yǐ yǎn hái yǎn","Tooth for a tooth, an eye for an eye"
FALSE,108,跑了和尚跑不了庙,pǎole héshàng pǎo bùliǎo miào,He ran the temple monks stand
FALSE,109,绿帽子,lǜmàozi,Green Hat
FALSE,110,识时务者为俊杰,shí shíwù zhě wéi jùnjié,Servers are clever
FALSE,111,井水不犯河水,jǐng shuǐ bùfàn héshuǐ,JingShuiBuFanHeShui
FALSE,112,一棵树上吊死,yī kē shù shàng diào sǐ,Hang in a tree
FALSE,113,放鸽子,fàng gēzi,Bouncing
FALSE,114,一步一个脚印,yī bù yīgè jiǎoyìn,Step by step
FALSE,115,上梁不正下梁歪,shàng liáng bùzhèng xià liáng wāi,上梁不正下梁歪
FALSE,116,不入虎穴，焉得虎子,"bù rù hǔxué, yān dé hǔ zi","Nothing ventured, nothing gained"
FALSE,117,赔了夫人又折兵,péile fūrén yòu zhé bīng,Throw good money after bad
FALSE,118,有心栽花花不长，无心插柳柳成荫,"yǒuxīn zāi huāhuā bu zhǎng, wúxīn chā liǔ liǔchéngyīn","Determined to grow flowers do not grow, unintentional positive outcomes"
FALSE,119,八字还没一撇,bāzì hái méi yī piē,Character not even got off
FALSE,120,有眼不识泰山,yǒu yǎn bù shí tàishān,There did not know
FALSE,121,出气筒,chūqìtǒng,Punching bag
FALSE,122,八九不离十,bājiǔ bùlí shí,pretty close
FALSE,123,无风不起浪,wúfēngbùqǐlàng,"No wind, no wave"
FALSE,124,得便宜卖乖,dé piányí màiguāi,Too cheap cold
FALSE,125,不是省油的灯,bùshì shěngyóu de dēng,Not out of trouble
FALSE,126,家丑不可外扬,jiāchǒu bùkě wàiyáng,Not wash your dirty linen in public
FALSE,127,背黑锅,bēihēiguō,Be a scapegoat
FALSE,128,兔子不吃窝边草,tùzǐ bù chī wō biān cǎo,Rabbit does not eat the grass edge
FALSE,129,铁饭碗,tiě fànwǎn,iron rice bowl
FALSE,130,冰冻三尺，非一日之寒,"bīngdòng sān chǐ, fēi yī rì zhī hán",Rome was not built in a day
FALSE,131,远亲不如近邻,yuǎnqīn bùrú jìnlín,Neighbor is better than distant relatives
FALSE,132,下马威,xiàmǎwēi,Blow
FALSE,133,天下乌鸦一般黑,tiānxià wūyā yībān hēi,天下乌鸦一般黑
FALSE,134,不到黄河心不死,bù dào huánghéxīn bùsǐ,Refuse to give up until all hope is gone
FALSE,135,狗急了跳墙,gǒu jíle tiào qiáng,Gouji jump off the wall
FALSE,136,狗眼看人低,gǒu yǎnkàn rén dī,Snob
FALSE,137,只许州官放火，不许百姓点灯,"zhǐ xǔ zhōu guān fànghuǒ, bùxǔ bǎixìng diǎndēng",oppressive rule
FALSE,138,偷鸡摸狗,tōujīmōgǒu,Sly
FALSE,139,死马当活马医,sǐ mǎ dāng huó mǎ yī,Dead horse a living horse medicine
FALSE,140,新官上任三把火,xīn guān shàngrèn sān bǎ huǒ,New broom sweeps clean
FALSE,141,对号入座,duìhàorùzuò,Condemnation
FALSE,142,十万八千里,shí wàn bāqiān lǐ,Galaxy
FALSE,143,露马脚,lòumǎjiǎo,Cloven hoof
FALSE,144,公说公有理，婆说婆有理,"gōng shuō gōng yǒulǐ, pó shuō pó yǒulǐ","Public that goes, rational woman and she said"
FALSE,145,上刀山，下火海,"shàng dāo shān, xià huǒhǎi",On ordered by the flames
FALSE,146,打退堂鼓,dǎtuìtánggǔ,Back down
FALSE,147,磨刀不误砍柴工,mó dāo bù wù kǎn chái gōng,Preparation may quicken the work
FALSE,148,风马牛不相及,fēng mǎ niú bù xiāng jí,Irrelevant
FALSE,149,一山不容二虎,yīshānbùróng'èrhǔ,Mountain can not be two tigers
FALSE,150,眼里揉不得沙子,yǎn lǐ róu bùdé shāzi,Not rub the eyes of sand
FALSE,151,三下五除二,sān xià wǔ chú èr,Neat and quick
FALSE,152,泼冷水,pōlěngshuǐ,pour cold water on
FALSE,153,杀鸡给猴看,shā jī gěi hóu kàn,A warning to others
FALSE,154,生米做成熟饭,shēng mǐ zuò chéngshú fàn,Do mature rice uncooked rice
FALSE,155,初生牛犊不怕虎,chūshēng niúdú bùpà hǔ,Fearless
FALSE,156,铁公鸡,tiěgōngjī,stingy person
FALSE,157,无事不登三宝殿,wú shì bù dēng sān bǎodiàn,bother you for something
FALSE,158,马后炮,mǎhòupào,Belated effort
FALSE,159,掉链子,diào liànzi,The ball dropped
FALSE,160,纸老虎,zhǐlǎohǔ,Paper tiger
FALSE,161,狐狸精,húlíjīng,Vixen
FALSE,162,丑话说在前头,chǒu huàshuō zài qiántou,Ugly words at the head
FALSE,163,半路杀出个程咬金,bànlù shā chū gè chéng yǎo jīn,Grab a Cheng Yaojin
FALSE,164,麻雀虽小，五脏俱全,"máquè suī xiǎo, wǔzàng jùquán",Small but complete
FALSE,165,虎毒不食子,hǔ dú bù shí zǐ,虎毒不食子
FALSE,166,小不忍则乱大谋,xiǎo bùrěn zé luàn dà móu,A small leak will sink a great ship
FALSE,167,打狗还得看主人,dǎ gǒu hái dé kàn zhǔrén,Dog owners will have to see
FALSE,168,万事俱备，只欠东风,"wànshì jù bèi, zhǐ qiàn dōngfēng",All is ready except for the opportunity
FALSE,169,不管黑猫白猫，会捉老鼠就是好猫,"bùguǎn hēi māo bái māo, huì zhuō lǎoshǔ jiùshì hǎo māo","Whether black or white, it catches mice is a good cat"
FALSE,170,真金不怕火炼,zhēn jīn bùpà huǒ liàn,True gold fears no fire
FALSE,171,狗改不了吃屎,gǒu gǎi bùliǎo chī shǐ,Dogs eat shit
FALSE,172,杀手锏,shāshǒujiàn,Killer
FALSE,173,饥不择食,jībùzéshí,Beggars
FALSE,174,对事不对人,duì shì bùduì rén,Not the person
FALSE,175,皮笑肉不笑,pí xiào ròu bùxiào,He is tightlipped
FALSE,176,双刃剑,shuāng rèn jiàn,Double-edged sword
FALSE,177,热脸贴冷屁股,rè liǎn tiē lěng pìgu,Hot face to cold ass
FALSE,178,好了伤疤忘了疼,hǎole shāngbā wàngle téng,"Well, the pain is forgotten"
FALSE,179,醋坛子,cùtánzi,Jealous
FALSE,180,君子之交淡如水,jūnzǐ zhī jiāo dàn rúshuǐ,Civil use
FALSE,181,三个和尚没水吃,sān gè héshàng méi shuǐ chī,Three monks no water to drink
FALSE,182,小白脸,xiǎobáiliǎn,Bitch
FALSE,183,放长线，钓大鱼,"fàng chángxiàn, diào dà yú",Long line to catch a big fish
FALSE,184,依葫芦画瓢,yī húlu huà piáo,Yihuhuhuapiao
FALSE,185,隔墙有耳,géqiángyǒu'ěr,Walls have ears
FALSE,186,巧妇难为无米之炊,qiǎo fù nánwéi wúmǐzhīchuī,Make bricks without straw
FALSE,187,不是吃素的,bùshì chīsù de,Not a vegetarian
FALSE,188,嫁鸡随鸡，嫁狗随狗,"jià jī suí jī, jià gǒu suí gǒu","Marry a chicken with the chicken, marry a dog as a dog"
FALSE,189,打开天窗说亮话,dǎkāi tiānchuāng shuō liànghuà,打开天窗说亮话
FALSE,190,人算不如天算,rén suàn bùrú tiān suàn,Unexpected outbreak
FALSE,191,小动作,xiǎodòngzuò,Trick
FALSE,192,远水解不了近渴,yuǎn shuǐjiě bùliǎo jìn kě,Far will not be forthcoming
FALSE,193,占着茅坑不拉屎,zhànzhe máokēng bù lā shǐ,Dog in the manger
FALSE,194,碰一鼻子灰,pèng yī bízi huī,be snubbed
FALSE,195,死猪不怕开水烫,sǐ zhū bùpà kāishuǐ tàng,Dead pig afraid of water hot
FALSE,196,换汤不换药,huàn tāng bù huàn yào,A new name
FALSE,197,救命稻草,jiùmìng dàocǎo,Straw
FALSE,198,明枪易躲，暗箭难防,"míng qiāng yì duǒ, ànjiàn nán fáng","Easy to hide the gun, stab difficult to prevent"
FALSE,199,谋事在人，成事在天,"móushì zài rén, chéngshì zài tiān","Man proposes, God disposes"
FALSE,200,三个女人一台戏,sān gè nǚrén yī tái xì,Three women in a drama
FALSE,201,有鼻子有眼,yǒubíziyǒuyǎn,A nose with eyes
FALSE,202,枪打出头鸟,qiāng dǎchūtóu niǎo,Good deed goes unpunished
FALSE,203,碰钉子,pèngdīngzi,hit a snag
FALSE,204,蹬鼻子上脸,dēng bízi shàng liǎn,Kicking his nose on the face
FALSE,205,吃豆腐,chī dòufu,eat tofu
FALSE,206,眉毛胡子一把抓,méi mao húzi yībǎzhuā,Eyebrows and beard grabbed
FALSE,207,偷鸡不成反蚀把米,tōu jī bùchéng fǎn shí bǎ mǐ,Anti-eclipse the rice gained nothing
FALSE,208,众人拾柴火焰高,zhòngrén shí chái huǒyàn gāo,The more the merrier
FALSE,209,快刀斩乱麻,kuàidāo zhǎn luànmá,Cut the Gordian knot
FALSE,210,吃软饭,chī ruǎn fàn,Eat soft food
FALSE,211,一着不慎，满盘皆输,"yīzhe bù shèn, mǎn pán jiē shū",One good turn deserves another
FALSE,212,听风就是雨,tīng fēng jiùshì yǔ,Ting Feng is the rain
FALSE,213,鸿门宴,hóngményàn,Banquet
FALSE,214,吃哑巴亏,chī yǎbākuī,Eat Yaba Kui
FALSE,215,眼中钉、肉中刺,"yǎnzhōngdīng, ròuzhōngcì",Thorn in the flesh
FALSE,216,舍不得孩子套不住狼,shěbudé háizi tào bù zhù láng,Could not bear a child sets the wolf
FALSE,217,挂羊头、卖狗肉,"guà yáng tóu, mài gǒuròu",Trickery
FALSE,218,煮熟的鸭子飞了,zhǔ shú de yā zǐ fēile,Cooked duck fly
FALSE,219,常在河边走，哪有不湿鞋,"cháng zài hé biān zǒu, nǎ yǒu bù shī xié","Often in the river walk, how can we avoid wet shoes"
FALSE,220,三脚猫,sānjiǎo māo,House divided against itself
FALSE,221,吃闭门羹,chībìméngēng,Admitted by
FALSE,222,三十年河东，三十年河西,"sānshí nián hédōng, sānshí nián hé xī","Three decades east, west three years"
FALSE,223,土包子,tǔbāozi,Bumpkin
FALSE,224,树大招风,shùdàzhāofēng,being targeted
FALSE,225,酒逢知己千杯少,jiǔ féng zhījǐ qiān bēi shǎo,酒逢知己千杯少
FALSE,226,当一天和尚撞一天钟,dāng yītiān héshàng zhuàng yītiān zhōng,When one day a monk clock hit one
FALSE,227,是骡子是马拉出来遛遛,shì luózi shì mǎ lā chūlái liú liú,Is a mule is a horse out of a walk
FALSE,228,一个鼻孔出气,yīgè bíkǒng chūqì,Singing the same tune
FALSE,229,身在曹营心在汉,shēn zài cáo yíng xīn zài hàn,Cao Ying Chinese heart
FALSE,230,瘦死的骆驼比马大,shòu sǐ de luòtuó bǐ mǎ dà,Thin dead camel than Martha
FALSE,231,树欲静而风不止,shù yù jìng ér fēng bùzhǐ,The tree still while the wind blows
FALSE,232,丑媳妇早晚也得见公婆,chǒu xífù zǎowǎn yě dé jiàn gōngpó,Chou Xifu sooner or later have to see her
FALSE,233,胜者王侯败者贼,shèng zhě wánghóu bài zhě zéi,The winner princely losers thief
FALSE,234,下三烂,xiàsānlàn,Tatters
FALSE,235,上了贼船,shàngle zéi chuán,Shangliaozeichuan
FALSE,236,病急乱投医,bìng jí luàn tóuyī,Styled
FALSE,237,打如意算盘,dǎ rúyì suànpán,Wishful thinking
FALSE,238,龙生龙，凤生凤,"lóng shēng lóng, fèng shēng fèng","Born dragon, chicken born chicken"
FALSE,239,不看僧面看佛面,bù kàn sēng miàn kàn fó miàn,Do not look see Buddhist monks face surface
FALSE,240,雷声大、雨点小,"léi shēng dà, yǔdiǎn xiǎo","Thunder, little rain"
FALSE,241,脸红脖子粗,liǎnhóng bózi cū,Got angry
FALSE,242,一棍子打死,yī gùnzi dǎ sǐ,Beat him to death
FALSE,243,拿鸡蛋碰石头,ná jīdàn pèng shítou,Take 鸡蛋碰石头
FALSE,244,没有不透风的墙,méiyǒu bù tòufēng de qiáng,Not an unventilated wall
FALSE,245,人怕出名猪怕壮,rén pà chūmíng zhū pà zhuàng,Afraid of strong people afraid of becoming famous pig
FALSE,246,山中无老虎，猴子称大王,"shānzhōng wú lǎohǔ, hóuzi chēng dàwáng","Mountains tiger, monkey king"
FALSE,247,杀鸡焉用宰牛刀,shā jī yān yòng zǎi niúdāo,Slaughter chickens Yanyong chopper
FALSE,248,大树底下好乘凉,dà shù dǐxia hǎo chéngliáng,Good shade tree
FALSE,249,跑龙套,pǎolóngtào,play a small role
FALSE,250,七大姑，八大姨,"qī dà gū, bā dàyí",Seven Regardless of eight aunt
FALSE,251,一是一，二是二,"yī shì yī, èr shì èr","First, a second, second"
FALSE,252,多个朋友多条路,duō gè péngyǒu duō tiáo lù,Way more than friends
FALSE,253,下台阶,xià táijiē,Down the steps
FALSE,254,打小算盘,dǎ xiǎo suànpán,Daxiaosuanpan
FALSE,255,坐山观虎斗,zuò shān guān hǔ dòu,Show from the sidelines
FALSE,256,羊毛出在羊身上,yángmáo chū zài yáng shēnshang,Fleece
FALSE,257,一口吃成个胖子,yīkǒu chī chéng gè pàngzi,Bite into a fat man
FALSE,258,屋漏偏逢连阴雨,wū lòu piān féng liányīnyǔ,"Leaky house, with rain every"
FALSE,259,老油条,lǎo yóutiáo,Oil Stick
FALSE,260,捅马蜂窝,tǒng mǎfēngwō,Stir up a hornets' nest
FALSE,261,小意思,xiǎoyìsi,Piece of cake
FALSE,262,倒打一耙,dàodǎyībà,Falsely accuse
FALSE,263,陈芝麻、烂谷子,"chén zhīma, làn gǔzi",Chen sesame rotten corn
FALSE,264,一条龙,yītiáo lóng,Train
FALSE,265,四两拨千斤,sìliǎngbōqiānjīn,Skillfully deflected
FALSE,266,前怕狼，后怕虎,"qián pà láng, hòupà hǔ","Before the fear of the wolf, scared the tiger"
FALSE,267,吃水不忘挖井人,chīshuǐ bù wàng wā jǐng rén,Draft forget who dug
FALSE,268,有仇不报非君子,yǒu chóu bù bào fēi jūnzǐ,Do not report any grudges against non-gentleman
FALSE,269,不倒翁,bùdǎowēng,tumbler
FALSE,270,干打雷，不下雨,"gān dǎléi, bù xià yǔ",Dry thunder without rain
FALSE,271,鸡飞狗跳,jī fēi gǒu tiào,Jifeigoutiao
FALSE,272,事后诸葛亮,shìhòu zhūgéliàng,Hindsight
FALSE,273,落水狗,luòshuǐgǒu,Reservoir Dogs
FALSE,274,板上钉钉,bǎnshàngdìngdīng,That clinches it
FALSE,275,一碗水端平,yī wǎn shuǐ duān píng,Equal justice
FALSE,276,烫手的山芋,tàngshǒu de shānyù,Hot potato
FALSE,277,笑掉大牙,xiào diào dàyá,Laugh
FALSE,278,一回生，二回熟,"yī huíshēng, èr huí shú","A resuscitation, two back cooked"
FALSE,279,鱼与熊掌不可得兼,yú yǔ xióng zhǎng bùkě dé jiān,Fish and can not have both
FALSE,280,咸鱼翻身,xián yú fānshēn,Re-energized
FALSE,281,一根绳上的蚂蚱,yī gēn shéng shàng de mà zhà,A rope grasshopper
FALSE,282,趟浑水,tāng hún shuǐ,Muddy water
FALSE,283,狗腿子,gǒutuǐzi,Henchman
FALSE,284,用在刀刃上,yòng zài dāorèn shàng,Wisely
FALSE,285,鸡飞蛋打,jīfēidàndǎ,Jifeidanda
FALSE,286,胳膊扭不过大腿,gēbó niǔ bù guo dàtuǐ,"Arm twisting, but the thigh"
FALSE,287,饱汉不知饿汉饥,bǎo hàn bùzhī è hàn jī,I do not know-fed starving suffer
FALSE,288,笑面虎,xiàomiànhǔ,Smiling tiger
FALSE,289,二,èr,two
FALSE,290,给力,gěilì,awesome
FALSE,291,母老虎,mǔ lǎohǔ,tigress
FALSE,293,门外汉,ménwàihàn,layman
FALSE,294,前人栽树，后人乘凉,"qián rén zāi shù, hòu rén chéngliáng","Predecessors trees, descendants cool"
FALSE,295,烂泥扶不上墙,lànní fú bù shàng qiáng,Mud on the wall does not help
FALSE,296,关公面前耍大刀,guāngōng miànqián shuǎ dàdāo,Guan Gong in front of the masters
FALSE,297,高不成，低不就,"gāo bùchéng, dī bù jiù","High fragmentation, low not"
FALSE,298,胳膊肘往外扭,gēbó zhǒu wǎngwài niǔ,Twisted his elbow out
FALSE,299,长痛不如短痛,zhǎng tòng bùrú duǎn tòng,Long pain as short-term pain
FALSE,300,酒香不怕巷子深,jiǔ xiāng bùpà xiàngzi shēn,Sell ​​themselves
FALSE,301,一条路走到黑,yītiáo lù zǒu dào hēi,A road go black
FALSE,302,不是鱼死，就是网破,"bùshì yú sǐ, jiùshì wǎng pò","Not a fish die, that net broken"
FALSE,303,冰山一角,bīng shān yījiǎo,tip of the iceberg
FALSE,304,身体是革命的本钱,shēntǐ shì gémìng de běnqián,The body is the capital of revolution
FALSE,305,说风凉话,shuō fēngliánghuà,Gloating
FALSE,306,紧箍咒,jǐngūzhòu,Straitjacket
FALSE,307,唱双簧,chàng shuānghuáng,collaborate with each other
FALSE,308,开空白支票,kāi kòngbái zhīpiào,A blank check
FALSE,309,保护伞,bǎohùsǎn,Umbrella
FALSE,310,一个萝卜一个坑,yīgè luóbo yīgè kēng,A carrot a pit
FALSE,311,狗咬狗,gǒuyǎogǒu,Dog Bite Dog
FALSE,312,唱高调,chàng gāodiào,Chant bombastic words
FALSE,313,打水漂,dǎ shuǐ piào,Naught
FALSE,314,开小差,kāixiǎochāi,Desert
FALSE,315,两面派,liǎngmiànpài,Double-dealing
FALSE,316,一盘散沙,yīpánsǎnshā,Mess
FALSE,317,和稀泥,huò xīní,Half-hearted
FALSE,318,敲竹杠,qiāozhúgàng,Rip-off
FALSE,319,扯后腿,chě hòu tuǐ,Che Houtui
FALSE,320,穿小鞋,chuānxiǎoxié,Make trouble
FALSE,321,给他一点颜色看看,gěi tā yīdiǎn yánsè kàn kàn,Give him a little color to see
FALSE,322,天高皇帝远,tiān gāo huángdì yuǎn,Day high and the emperor far away
FALSE,323,拣软柿子捏,jiǎn ruǎn shìzi niē,Pick any punches either pinching
FALSE,324,打马虎眼,dǎmǎhǔyǎn,act dumb
FALSE,325,千里马,qiānlǐmǎ,Maxima
FALSE,326,打擦边球,dǎ cābiānqiú,Walking a fine line
FALSE,327,摸着石头过河,mōzhe shítouguò hé,Trial and error
FALSE,328,半路出家,bànlùchūjiā,Without solid foundation
FALSE,329,老狐狸,lǎohúlí,Old fox
FALSE,330,一窝蜂,yīwōfēng,Rush
FALSE,331,开夜车,kāiyèchē,Work at night
FALSE,332,手心手背都是肉,shǒuxīn shǒubèi dōu shì ròu,Palm back of the hand are the meat
FALSE,333,缩头乌龟,suō tóu wūguī,Coward
FALSE,334,走过场,zǒuguòchǎng,Going through the motions
FALSE,335,做文章,zuò wénzhāng,Make an issue
FALSE,336,吃大锅饭,chī dàguōfàn,Mess together
FALSE,337,戴高帽,dài gāo mào,Wear a dunce cap
FALSE,338,秋后算账,qiūhòusuànzhàng,The usual suspects
FALSE,340,坐冷板凳,zuò lěng bǎndèng,Sitting on the bench
FALSE,341,不当家不知柴米贵,bùdāng jiā bùzhī cháimǐ guì,Improper leading a poor family I do not know your
FALSE,342,红眼病,hóngyǎnbìng,Pink eye
FALSE,343,葫芦里卖的是什么药,húlu lǐ mài de shì shénme yào,What is snake oil medicine
FALSE,344,三句话不离本行,sān jù huà bùlí běn háng,Shoppy
FALSE,345,糖衣炮弹,tángyī pàodàn,Sugar-coated bullets
FALSE,346,树倒猢狲散,shù dǎo húsūn sàn,Collapse and disappear
FALSE,347,硬骨头,yìng gǔtou,Unyielding person
FALSE,348,二虎相争，必有一伤,"èr hǔ xiāng zhēng, bì yǒuyī shāng","Tigers fight, there must be an injury"
FALSE,349,拆东墙，补西墙,"chāi dōng qiáng, bǔ xī qiáng",rob Peter to pay Paul
FALSE,350,大鱼吃小鱼,dà yú chī xiǎo yú,Feeding Frenzy
FALSE,351,狐狸尾巴露出来了,húlí wěibā lùchūláile,Fox tail exposed
FALSE,352,开绿灯,kāilǜdēng,Green light
FALSE,353,歪瓜裂枣,wāi guā liè zǎo,Crooked melon split dates
FALSE,354,小辫子,xiǎo biànzi,Pigtail
FALSE,355,一头雾水,yītóu wù shuǐ,Confused
FALSE,356,隔行如隔山,géháng rú géshān,Gehangrugeshan
FALSE,357,一亩三分地,yī mǔ sān fēn de,Third of an acre
FALSE,358,成也萧何，败也萧何,"chéng yě xiāohé, bài yě xiāohé",Winning or losing does not matter
FALSE,359,大水冲了龙王庙,dà shuǐ chōngle lóngwáng miào,Big flush of the Dragon King Temple
FALSE,360,乱弹琴,luàntán qín,Playin
FALSE,361,挤牙膏,jǐ yágāo,Squeezing toothpaste
FALSE,362,墙倒众人推,qiáng dǎo zhòngrén tuī,Push everyone down the wall
FALSE,363,莫须有,mòxūyǒu,Groundless
FALSE,364,拿鸡毛当令箭,ná jīmáo dāng lìngjiàn,Take a feather when the authority arrow
FALSE,365,捅破窗户纸,tǒng pò chuānghù zhǐ,Pierce the windows of paper
FALSE,366,三字经,sānzìjīng,Three Character Classic
FALSE,367,苍蝇不叮无缝的蛋,cāngyíng bù dīng wú fèng de dàn,Flies do not hover eggs
FALSE,368,大跌眼镜,dà diēyǎnjìng,Surprise
FALSE,369,说一千，道一万,"shuō yīqiān, dào yī wàn","He says a thousand, ten thousand channel"
FALSE,370,绊脚石,bàn jiǎo shí,stumbling block
FALSE,371,过五关、斩六将,"guò wǔ guān, zhǎn liù jiàng","A five-off, killing six"
FALSE,372,求爷爷、告奶奶,"qiú yéyé, gào nǎinai","Seeking grandfather, grandmother reported"
FALSE,373,羡慕嫉妒恨,xiànmù jídù hèn,"envy, jealousy, hate"
FALSE,374,打掉门牙往肚里咽,dǎ diào ményá wǎng dù lǐ yàn,Knocked out front teeth pharynx to the stomach
FALSE,375,唱对台戏,chàngduìtáixì,Rival
FALSE,376,分一杯羹,fēn yībēi gēng,A share
FALSE,377,变色龙,biànsèlóng,chameleon
FALSE,378,独木不成林,dú mù bùchéng lín,One tree does not make a forest
FALSE,379,既生瑜，何生亮？,"jì shēng yú, héshēngliàng?","Both Sheng Yu, Sheng-liang?"
FALSE,380,撂挑子,Liàotiāozi,Refuse to work
FALSE,381,敲门砖,qiāoménzhuān,Stepping stone
FALSE,382,试金石,shìjīnshí,Touchstone
FALSE,383,火烧眉毛,huǒ shāo méimáo,Feel the burn
FALSE,384,空手套白狼,kōng shǒutào bái láng,Sleight of hand tricks
FALSE,385,一瓶子不满，半瓶子晃荡,"yī píngzi bùmǎn, bàn píngzi huàngdang","A bottle discontent, half bottle sloshing"
FALSE,386,脱了裤子放屁,tuōle kùzi fàngpì,Tuoliaokuzi fart
FALSE,387,借东风,jiè dōngfēng,By the wind
FALSE,388,白开水,báikāishuǐ,Plain boiled water
FALSE,389,鲤鱼跳龙门,lǐyú tiào lóngmén,Carp leaping
FALSE,390,强龙压不住地头蛇,qiáng lóng yā bù zhù dìtóushé,Strong dragon snakes hid
FALSE,391,这山望着那山高,zhè shān wàngzhe nà shāngāo,This mountain that looks high
FALSE,392,光脚的不怕穿鞋的,guāng jiǎo de bùpà chuān xié de,Barefoot shoes are not afraid
FALSE,393,不成功，便成仁,"bùchénggōng, biàn chéngrén",Boom or bust
FALSE,394,滚刀肉,gǔn dāo ròu,Hob meat
FALSE,395,久病成良医,jiǔ bìng chéngliáng yī,Chronic illness into a good doctor
FALSE,396,枕边风,zhěn biān fēng,Pillow talk
FALSE,397,一锤子买卖,yī chuízi mǎimài,Deal or No Deal
FALSE,398,横挑鼻子竖挑眼,héng tiāo bízi shù tiāoyǎn,Pick nose horizontal vertical hypercritical
FALSE,399,唱空城计,chàng kōngchéngjì,Sing empty city
FALSE,400,一刀切,yīdāoqiē,One size fits all
FALSE,401,旧瓶装新酒,jiù píngzhuāng xīnjiǔ,Old wine in new bottles
FALSE,402,两面三刀,liǎngmiànsāndāo,Double-dealing
FALSE,403,一把钥匙开一把锁,yī bǎ yàoshi kāi yī bǎ suǒ,A key to open a lock
FALSE,404,打一巴掌，给个甜枣,"dǎ yī bāzhang, gěi gè tián zǎo","Hit a slap in the face, give sweet dates"
FALSE,405,先君子后小人,xiān jūnzǐ hòu xiǎo rén,After the first gentleman villain
FALSE,406,尺有所短，寸有所长,"chǐ yǒu suǒ duǎn, cùn yǒu suǒ cháng",Everyone has his strong and weak points
FALSE,407,出来混的，总要还的,"chū lái hùn de, zǒng yào huán de","Out to mix, always have to repay"
FALSE,408,画虎不成反类犬,huà hǔ bù chéng fǎn lèi quǎn,Poor imitation like a dog
FALSE,409,大意失荆州,dàyì shī jīngzhōu,Lost Jingzhou
FALSE,410,卸磨杀驴,xiè mò shā lǘ,Xiemoshalv
FALSE,411,躺着都中枪,tǎngzhe dōu zhōng qiāng,They are lying in the gun
FALSE,412,脚正不怕鞋歪,jiǎo zhèng bùpà xié wāi,Crooked foot is not afraid of shoes
FALSE,413,有奶就是娘,yǒu nǎi jiùshì niáng,There is the mother milk
FALSE,414,肉烂在锅里,ròu làn zài guō lǐ,Rotten meat in the pot
FALSE,415,说你胖你就喘,shuō nǐ pàng nǐ jiù chuǎn,You say you're fat asthma
FALSE,416,擦屁股,cā pìgu,Wipe
FALSE,417,皇帝女儿不愁嫁,huángdì nǚ'ér bù chóu jià,Emperor daughter mentality
FALSE,418,一朝天子一朝臣,yī zhāo tiānzǐ yī zhāo chén,Own courtiers
FALSE,419,活人让尿憋死,huó rén ràng niào biē sǐ,Let the living suffocated in urine
FALSE,420,走马灯,zǒumǎdēng,Revolving door
FALSE,421,花无百日红,huā wú bǎi rì hóng,Flowers last forever
FALSE,422,东风压倒西风,dōngfēng yādǎo xīfēng,East Eats West
FALSE,423,岁月是把杀猪刀,suìyuè shì bǎ shā zhū dāo,Years is the Sha Zhudao
FALSE,424,丁是丁，卯是卯,"dīng shì dīng, mǎo shì mǎo","Ding Ding, d is the d"
FALSE,425,多年的媳妇熬成婆,duōnián de xífù áo chéng pó,Years his wife boiled woman
FALSE,426,强将手下无弱兵,qiáng jiàng shǒuxià wú ruò bīng,No weak soldiers forcing men
FALSE,427,头痛医头，脚痛医脚,"tóutòng yītóu, jiǎo tòng yī jiǎo",Stop-gap measures
FALSE,428,拉不出屎来怨茅房,lā bù chū shǐ lái yuàn máofáng,Pull no feces to blame latrine
FALSE,429,东方不亮西方亮,dōngfāng bù liàng xīfāng liàng,East does not shine bright
FALSE,430,老牛拉破车,lǎo niú lā pò chē,Buffaloes pulling broken car
FALSE,431,放卫星,fàng wèixīng,Put satellites
FALSE,432,鸡同鸭讲,jī tóng yā jiǎng,Chicken and Duck Talk
FALSE,433,一锅端,yīguōduān,Side pot
FALSE,434,老皇历,lǎohuángli,Old almanac
FALSE,435,家花没有野花香,jiā huā méiyǒu yě huāxiāng,Home to spend no wild flowers
FALSE,436,又想当婊子又想立牌坊,yòu xiǎng dāng biǎo zi yòu xiǎng lì páifāng,Wanting to bitch want Paifang
FALSE,437,遮羞布,zhēxiūbù,Fig leaf
FALSE,438,耍花枪,shuǎ huāqiāng,Shua Huaqiang
FALSE,439,又要马儿跑，又要马儿不吃草,"yòu yào mǎ er pǎo, yòu yào mǎ er bu chī cǎo","But also horse race, but also horse can not eat"
FALSE,440,牛不喝水强按头,niú bù hē shuǐ qiáng àn tóu,Cattle do not drink strong according to head
FALSE,441,摆乌龙,bǎi wū lóng,Blunder
FALSE,442,各打五十大板,gè dǎ wǔshí dà bǎn,Each six blows
FALSE,443,一个将军一个令,yīgè jiāngjūn yīgè lìng,A way to make a general
FALSE,444,抱大腿,bào dàtuǐ,Hold the thigh
FALSE,445,砸了锅,zále guō,Smashed pot
FALSE,446,会哭的孩子有奶吃,huì kū de háizi yǒu nǎi chī,Cry of the child Naichi
FALSE,447,二一添作五,èryī tiān zuò wǔ,Twenty-one five for Tim
FALSE,448,风一阵，雨一阵,"fēng yīzhèn, yǔ yīzhèn","A burst of wind, rain burst"
FALSE,449,剃头挑子一头热,tìtóu tiāozi yī tóu rè,A hot sided affair
FALSE,450,远来的和尚会念经,yuǎn lái de héshàng huì niànjīng,Far to the monks chanting
FALSE,451,揪辫子,jiū biànzi,Pulling pigtails
FALSE,452,小姐的身子丫鬟的命,xiǎojiě de shēnzi yāhuan de mìng,Miss maidservants body's life
FALSE,453,只见树木，不见森林,"zhǐ jiàn shùmù, bùjiàn sēnlín",See the trees but not the forest
FALSE,454,屁股决定脑袋,pìgu juédìng nǎodai,We decided to head butt
FALSE,455,兔子尾巴长不了,tùzǐ wěibā cháng bùliǎo,兔子尾巴长不了
FALSE,456,骑马找马,qímǎ zhǎo mǎ,Look for a horse riding
FALSE,457,敲锣边儿,qiāo luó biān er,Gong orgy
FALSE,458,扣帽子,kòu màozi,Putting labels
FALSE,459,拔出萝卜带出泥,bá chū luóbo dài chū ní,Pull out the carrot out of the mud
FALSE,460,满嘴跑火车,mǎnzuǐ pǎo huǒchē,Mouth running train
FALSE,461,温水煮青蛙,wēnshuǐ zhǔ qīngwā,Warm boiled frog
FALSE,462,万金油,wànjīnyóu,Jack of all trades
FALSE,463,树挪死，人挪活,"shù nuó sǐ, rén nuó huó","Move trees die, people move to live"
FALSE,464,按下葫芦起了瓢,àn xià húlu qǐle piáo,Press played a gourd dipper
FALSE,465,到什么山唱什么歌,dào shénme shān chàng shénme gē,"To what mountain, what songs"
FALSE,466,拔根汗毛比腰粗,bá gēn hànmáo bǐ yāo cū,Uproot hairs than large waist
FALSE,467,阎王好见，小鬼难搪,"yánwáng hǎo jiàn, xiǎoguǐ nán táng","Hades good to see, hard to keep out the devil"
FALSE,468,不见兔子不撒鹰,bùjiàn tùzǐ bù sā yīng,Not rabbits not spread eagle
FALSE,469,当面锣，对面鼓,"dāngmiàn luó, duìmiàn gǔ","Face to face gongs, drums across"
FALSE,470,眼大肚子小,yǎn dàdùzi xiǎo,Eyes belly small
FALSE,471,浅水养不了大鱼,qiǎnshuǐ yǎng bùliǎo dà yú,We can not keep fish in shallow water
FALSE,472,吃别人嚼过的馍不香,chī biérén juéguò de mó bù xiāng,Eat others chew over the bun is not fragrant
FALSE,473,起大早，赶晚集,"qǐ dà zǎo, gǎn wǎn jí","We got up early, catch late set"
FALSE,474,打不着狐狸惹身骚,dǎ bùzháo húlí rě shēn sāo,Fox could not beat Sao provoke body
FALSE,475,多面手,duōmiànshǒu,All-rounder
FALSE,476,鸟枪换炮,niǎoqiānghuànpào,Niaoqianghuanpao
FALSE,477,矬子里拔将军,cuózi lǐ bá jiāngjūn,Cuozi pull generals
FALSE,478,给个棒槌就当针,gěi gè bàngchuí jiù dāng zhēn,When the needle on to a wooden club
FALSE,479,捧臭脚,pěng chòu jiǎo,Holding smelly feet
FALSE,480,咬人的狗不露齿,yǎo rén de gǒu bù lù chǐ,Dog bite grin
FALSE,481,炒冷饭,chǎolěngfàn,Same old stuff
FALSE,482,一只羊是赶，一群羊也是放,"yī zhǐ yáng shì gǎn, yīqún yáng yěshì fàng","Is to catch a sheep, a flock of sheep is put"
FALSE,483,虱子多了不咬，账多了不愁,"shīzi duō liǎo bù yǎo, zhàng duō liǎo bù chóu","Lice do not bite, much to worry about account"
FALSE,484,攒鸡毛，凑掸子,"zǎn jīmáo, còu dǎnzi","Save feather, duster Minato"
FALSE,485,骑脖子拉屎,qí bózi lā shǐ,Riding neck shit
FALSE,486,指着和尚骂秃子,zhǐzhe héshàng mà tūzi,Pointing to the monk scolded Baldy
FALSE,487,蚂蚱也是肉,mà zhà yěshì ròu,Grasshopper is meat
FALSE,488,背着抱着一般沉,bèizhe bàozhe yībān chén,Carrying a holding general Shen
FALSE,489,一言堂,yīyántáng,Lays down the law
FALSE,490,乱拳打死老师傅,luàn quán dǎ sǐ lǎo shīfù,Chaos boxing killed old master
FALSE,491,端起碗来吃肉，放下筷子骂娘,"duān qǐ wǎn lái chī ròu, fàngxià kuàizi màniáng","Picking to eat meat, put down the chopsticks BS-ing"
FALSE,492,出头的椽子先烂,chū tóu de chuánzi xiān làn,Somethings rotten rafters first
FALSE,493,一马勺坏一锅,yī mǎ sháo huài yī guō,A ladle bad pot
FALSE,494,终日打雁，让雁啄了眼,"zhōngrì dǎ yàn, ràng yàn zhuóle yǎn","Batangas day, let geese peck at his eyes"
FALSE,495,老鸹嫌猪黑,lǎoguā xián zhū hēi,Laogua too black pig
FALSE,496,别人牵驴你拔橛,biérén qiān lǘ nǐ bá jué,Others you pull the donkey chunks
FALSE,497,仔卖爷田不心疼,zǐ mài yé tián bù xīnténg,Aberdeen do not feel bad selling Ye Tian
FALSE,498,萝卜快了不洗泥,luóbo kuài liǎo bù xǐ ní,Do not wash mud radish fast
FALSE,499,接地气,jiēdì qì,Down to earth